{
  "timestamp": "2026-07-19T19:17:26.538858+00:00",
  "model": "yolov8m",
  "epochs": 50,
  "imgsz": 640,
  "batch": 8,
  "dataset": "C:\\Users\\PC1\\Desktop\\dental-ai\\data_dental.yaml",
  "train_images": 100,
  "val_images": 20,
  "best_pt": "C:\\Users\\PC1\\Desktop\\dental-ai\\runs\\detect\\train\\weights\\best.pt",
  "best_pt_exists": true,
  "metrics": {
    "mAP50": 0.3061074131403986,
    "mAP50_95": 0.29152620574436816,
    "precision": 0.19915450846194271,
    "recall": 1.0,
    "fitness": 0.29152620574436816
  }
}